{
  "project_info": {
    "project_number": "659701959315",
    "firebase_url": "https://myteamapp-67586-default-rtdb.firebaseio.com",
    "project_id": "myteamapp-67586",
    "storage_bucket": "myteamapp-67586.firebasestorage.app"
  },
  "client": [
    {
      "client_info": {
        "mobilesdk_app_id": "1:659701959315:android:81dae89a569ad4de7d5b66",
        "android_client_info": {
          "package_name": "com.example.myapplication"
        }
      },
      "oauth_client": [],
      "api_key": [
        {
          "current_key": "AIzaSyCWOibp-HKD_9i0qSap9svN9NUsyHJFWj8"
        }
      ],
      "services": {
        "appinvite_service": {
          "other_platform_oauth_client": []
        }
      }
    }
  ],
  "configuration_version": "1"
}