[
  {
    "id": "hamburg_curry",
    "name": "함박카레동",
    "description": "부드러운 함박스테이크와 진한 카레가 어우러진 든든한 한 끼",
    "imageRes": "hamburg_curry"
  },
  {
    "id": "chicken_cheese_curry",
    "name": "치킨치즈카레동",
    "description": "바삭한 치킨 위에 고소한 치즈, 깊은 풍미의 카레를 더한 메뉴",
    "imageRes": "chicken_cheese_curry"
  },
  {
    "id": "chicken_karaage_curry",
    "name": "치킨가라아게카레동",
    "description": "일본식 치킨 가라아게와 카레의 이색 조화",
    "imageRes": "chicken_karaage_curry"
  },
  {
    "id": "king_sausage_curry",
    "name": "대왕소시지카레동",
    "description": "큼직한 소시지와 풍부한 카레 소스가 만난 푸짐한 한 접시",
    "imageRes": "king_sausage_curry"
  },
  {
    "id": "omurice",
    "name": "오므라이스",
    "description": "부드러운 달걀과 볶음밥이 어우러진 기본 중의 기본",
    "imageRes": "omurice"
  },
  {
    "id": "curry_omurice",
    "name": "카레오므라이스",
    "description": "오므라이스에 진한 카레를 더한 매콤달콤한 맛",
    "imageRes": "curry_omurice"
  },
  {
    "id": "hamburg_omurice",
    "name": "함박오므라이스",
    "description": "함박스테이크와 오므라이스의 환상 궁합",
    "imageRes": "hamburg_omurice"
  },
  {
    "id": "chicken_omurice",
    "name": "닭강정오므라이스",
    "description": "달콤한 닭강정과 부드러운 계란밥의 꿀조합",
    "imageRes": "chicken_omurice"
  },
  {
    "id": "chicken_cheese_omurice",
    "name": "치킨치즈오므라이스",
    "description": "바삭한 치킨과 고소한 치즈가 계란밥과 만났다!",
    "imageRes": "chicken_cheese_omurice"
  },
  {
    "id": "king_sausage_omurice",
    "name": "대왕소시지오므라이스",
    "description": "큼직한 소시지로 식감도 맛도 UP!",
    "imageRes": "king_sausage_omurice"
  },
  {
    "id": "cheese_gimchi_gatsdong",
    "name": "치즈김치가츠동",
    "description": "김치가츠동 위에 녹아든 치즈로 풍미 가득",
    "imageRes": "cheese_gimchi_gatsdong"
  },
  {
    "id": "king_donkatsu",
    "name": "세종대왕돈까스",
    "description": "압도적인 크기의 돈까스로 왕처럼 즐기는 한 끼",
    "imageRes": "king_donkatsu"
  },
  {
    "id": "go_cheese_donkatsu",
    "name": "고구마치즈돈까스",
    "description": "달콤한 고구마와 치즈가 어우러진 색다른 돈까스",
    "imageRes": "go_cheese_donkatsu"
  },
  {
    "id": "cowduk_cowduk",
    "name": "소떡소떡",
    "description": "소시지와 떡이 번갈아 꽂힌 인기 간식 메뉴",
    "imageRes": "cowduk_cowduk"
  },
  {
    "id": "chicken",
    "name": "닭강정",
    "description": "달콤 짭조름한 양념이 입맛을 사로잡는 국민 치킨",
    "imageRes": "chicken"
  },
  {
    "id": "cheese_chicken",
    "name": "치즈시즈닝치킨",
    "description": "치킨 위에 치즈 시즈닝을 뿌려 풍미를 더한 메뉴",
    "imageRes": "cheese_chicken"
  },
  {
    "id": "egg_ramen",
    "name": "계란라면",
    "description": "반숙 계란이 올라간 따끈한 라면 한 그릇",
    "imageRes": "egg_ramen"
  },
  {
    "id": "cold_moemle",
    "name": "냉모밀",
    "description": "시원한 국물과 쫄깃한 면발, 여름철 필수 메뉴",
    "imageRes": "cold_moemle"
  },
  {
    "id": "fried_moemle",
    "name": "새우튀김냉모밀",
    "description": "바삭한 새우튀김을 곁들인 고급 냉모밀",
    "imageRes": "fried_moemle"
  },
  {
    "id": "donkatsu_set",
    "name": "돈까스정식(돈까스, 냉모밀)",
    "description": "돈까스와 냉모밀을 한 번에 즐기는 인기 정식 세트",
    "imageRes": "donkatsu_set"
  },
  {
    "id": "kimchi_goat",
    "name": "돼지고기 김치찌개",
    "description": "푹 익은 김치와 고기가 어우러진 얼큰한 찌개",
    "imageRes": "kimchi_goat"
  },
  {
    "id": "meatwarbottle",
    "name": "고기전병",
    "description": "촉촉한 고기소를 전병에 감싼 전통 간식",
    "imageRes": "meatwarbottle"
  },
  {
    "id": "soulfood",
    "name": "제육덮밥",
    "description": "매콤한 제육볶음이 듬뿍 올라간 한 그릇 요리",
    "imageRes": "soulfood"
  },
  {
    "id": "chicken_jobchabob",
    "name": "닭갈비잡채밥",
    "description": "달콤한 닭갈비와 부드러운 잡채가 어우러진 메뉴",
    "imageRes": "chicken_jobchabob"
  },
  {
    "id": "chicken_mayo",
    "name": "치킨마요",
    "description": "고소한 마요와 간장소스가 어우러진 간편 덮밥",
    "imageRes": "chicken_mayo"
  },
  {
    "id": "fire_chicken_mayo",
    "name": "마그마치킨마요",
    "description": "화끈한 매운 소스가 포인트인 마요치킨 덮밥",
    "imageRes": "fire_chicken_mayo"
  },
  {
    "id": "chamchi_mayo",
    "name": "참치마요",
    "description": "담백한 참치와 마요네즈가 어우러진 기본 덮밥",
    "imageRes": "chamchi_mayo"
  },
  {
    "id": "fire_chamchi_mayo",
    "name": "마그마참치마요",
    "description": "매콤하게 즐기는 참치마요의 변신",
    "imageRes": "fire_chamchi_mayo"
  },
  {
    "id": "yuk_bibimbab",
    "name": "육회비빔밥",
    "description": "신선한 육회와 특제 양념이 어우러진 고급 비빔밥",
    "imageRes": "yuk_bibimbab"
  }
]